sequence,MIC
AAAAAAAIKMLMDLVNERIMALNKKAKK,20.000000000000007
AAGMGFFGAR,25.399999999999995
AAHCIALRKGYK,30.000000000000004
AAHCIQLGKR,30.000000000000004
AAHCIVLHHN,30.000000000000004
AAHCLAIGRK,7.499999999999999
AAHCLAIGRR,10.17715046822855
AAHCLAKRKK,30.000000000000004
AAHCLAMRRK,30.000000000000004
AAHCLIGRK,14.999999999999993
AAHCLLKRKR,14.999999999999993
AAKCLVQRRR,14.999999999999993
AAKHAAHRA,536.4568569593581
AANCITLGKA,30.000000000000004
AANCLSLGKA,30.000000000000004
AARCLSQRRK,30.000000000000004
AAYLLAKINLKALAALAKKIL,10.235008229636978
ACADLRGKTFCRLFKSYCDKKGIRGRLMRDKCSYSCGCR,5.000000000000001
ACDTATCVTHRLAGLLSRSGGVVKNNFVPTNVGSKAF,131.8458832375494
AFGMALKLLKKVL,4.700000000000001
AFGVLAKVAAHVVPAIAEHF,63.99999999999998
AGWGSIFKHIFKAGKFIHGAIQAHND,5.611622877478178
AGYLLGKINLKPLAALAKKIL,57.95079208093368
AGYLLPKINLKPLAKLPKKIL,54.88930563784782
AHCLAIGRK,51.64340682052405
AHCLAIGRR,19.670840238566072
AIGSILGALAKGLPTLISWIKNR,4.798678048943513
AIGSILGALAKGLPTLKSWIKNR,49.99999999999999
AIGSILGALAKGLPTLRSWIKNR,24.999999999999996
AIGSILGRLAKGLPTLISWIKNR,3.129999999999999
AIGSILGRLAKGLPTLKSWIKNR,100.00000000000004
AIHDILKYGKPS,10.000000000000002
AILTTLANWARKFL,37.5
AINPKSVQSLL,200.0000000000001
AIRCLAKRRK,7.499999999999999
AIRCLAQRRK,7.499999999999999
AKKFGKAFVKIL,134.11766447978664
AKKKGKCKGPLKLVAKC,100.00000000000004
AKKVFKRLEKLFSKIFNFK,3.129999999999999
AKKVFKRLEKLFSKIYNYK,3.129999999999999
AKKVFKRLPKLFSKIWNWK,0.39
AKLWLKAAKLWLKA,15.999999999999998
AKRHHGYKRKFH,81.79971123423813
AKRLKKLAKKIWKWK,2.378414230005442
AKRLKKLAKKIWKWL,15.999999999999998
AKRLKKLFKKIWNWK,2.0
ALFKTMLKKLGTMAL,32.526911934581186
ALHKTMLKKLGTMAL,44.99999999999997
ALLKLAPRLLAGIF,12.500000000000002
ALLKRIKTLL,17.971521813062964
ALLLAIRKR,37.97425573306831
ALLLAIRRR,7.39810087051603
ALPLIGRVLSGIL,40.000000000000014
ALRLAIRKR,43.78070863272573
ALRLAIRRR,8.714047374566697
ALRSAVRTVARVGRAVLPHVAI,6.299999999999999
ALWHHLLHHLLHSAHHLG,14.999999999999993
ALWKDILKNVGKAAGKAVLNTVTDMVNQ,2.4340347773685256
ALWKEVLKNAGKAALNEINNLV,32.000000000000014
ALWKEVLKNAGKAALNEINNLVQ,128.00000000000009
ALWKKLLKKLLKSAKKLG,1.8749999999999998
ALWKNMLKGI,149.99999999999997
ALWKNMLKGIGK,149.99999999999997
ALWKNMLKGIGKLAG,149.99999999999997
ALWKNMLKGIGKLAGK,59.999999999999986
ALWKNMLKGIGKLAGKAALG,8.000000000000002
ALWKNMLKGIGKLAGKAALGAVKKLVGAES,1.0
ALWKTLLKKV,49.99999999999999
ALWKTMLKKLGT,54.00000000000001
ALWKTMLKKLGTM,50.60000000000002
ALWKTMLKKLGTMA,28.299999999999997
ALWKTMLKKLGTMALHAGK,10.699999999999994
ALWKTMLKKLGTMALHAGKAALGAAADTI,1.4999999999999998
ALWLAIRKR,35.51144245259778
ALWLAIRRR,6.929941496567642
ALWRRLLRRLLRSARRLG,3.75
ALYKTMLKKLGTMAL,44.99999999999997
ALYLAIRKR,27.189655459936585
ALYLAIRRR,5.303285155344711
AMWKDVLKKIGTVALHAGKAALGAVADTISQ,12.500000000000002
ANFLPKIFCKITRKC,56.10967916092687
ARRARKWARRALKLA,12.500000000000002
ARWWWKIKS,19.833586687569692
ATHCLFLKKR,14.999999999999993
AVAGEKLWLLPHLLKMLLTPTP,163.7992381533634
AVDLAKIANKVLSSLF,149.99999999999997
AVVDILKGAAKDIAGHLASKVMNKL,100.00000000000004
AWLLAIRKR,22.194651532873607
AWLLAIRRR,5.478599795217422
CLAIGRR,64.21080208572121
CNGKRVCVC,101.91416198175754
CNGKRVCVCR,48.155514674401054
CWFWKWWRRRRR,4.700000000000001
DAACAAHCLFR,84.93604103769763
DAACAAHCLWR,164.42059907302954
DAACAAKCLWR,165.64167597572884
DIFGAIWPLALGALKNLIK,8.000000000000002
DIGKYCGYAHALN,100.00000000000004
EPFKISIHL,27.693671073037418
EPFKLSLHL,27.693671073037418
EPILGIITSLLKSL,66.80786285788803
EQHSSGKSDV,100.00000000000004
FAKGIAGMAGKLF,200.0000000000001
FAKKLAKLAKKLAKLAL,4.311737779079922
FAKLLAKALKKLL,2.7455556318209893
FAKWAFKWAKK,70.886512394932
FAKWAFKWLKK,4.336497622876553
FALKALKKLKKALKKAL,4.183017909382028
FAPLIGRVLSGIL,20.000000000000007
FASGIAGMAGKLF,200.0000000000001
FAVTWATKWWKG,100.00000000000004
FCTMIPIPRCY,22.326756094255526
FDIMGLIKKVAGAL,30.000000000000004
FDLLGLVKKVASAL,49.99999999999999
FDLLGLVKSVVSAL,24.999999999999996
FDVMGIIKKIAGAL,30.000000000000004
FFFDTLKNLAGKVIGALT,62.00000000000001
FFFFF,27.855733300189428
FFFFFF,12.207869836584347
FFFFFFF,2.861962128799934
FFFLSRIF,50.000000000000014
FFGHLFRGIINVGKHIHGLLSG,5.000000000000001
FFGKVLKLIRKIF,3.1
FFGSIIGALAKGLPSLISLIKK,12.500000000000002
FFGSLLKLLPKLL,0.7800000000000001
FFGSMIGALAKGLPSLISLIKK,12.500000000000002
FFGSTIGALANFLPSLISKIRN,27.041245377795555
FFGSVLKLIPKIL,3.1200000000000006
FFHHAFRGIVHVGKTIHRLVTG,49.99999999999999
FFHHFARGIVHVGKTIHRLVTG,49.99999999999999
FFHHIFRGAVHVGKTIHRLVTG,17.999999999999996
FFHHIFRGIVHIGKTIHRLVTG,10.000000000000002
FFHHIFRGIVHVGKKIHRLVKG,1.8574928614211854
FFHHIFRGIVHVGKKIHRLVTG,1.8574928614211854
FFHHIFRGIVHVGKTAHRLVTG,17.999999999999996
FFHHIFRGIVHVGKTIHKLVTGT,7.071067811869998
FFHHIFRGIVHVGKTIHRLVTG,3.4535398411697686
FFHHIFRGIVHVGKTVHRLVTG,17.999999999999996
FFHHIFRGVVHVGKTIHRLVTG,17.999999999999996
FFHHVFRGIVHVGKTIHRLVTG,17.999999999999996
FFIFFF,12.686814789458262
FFLLSLIPSAISAIKKI,5.000000000000001
FFPFLLGALGSLLPKIF,12.500000000000002
FFPIVGKLLFGLL,5.123490466004002
FFPIVGKLLFGLSGLL,0.7262662015464241
FFPIVGKLLS,13.388281219597447
FFPIVGKLLSGLF,149.99999999999997
FFPIVGKLLSGLL,5.342834365082142
FFPIVGKLLSGLSGLL,1.505085231471573
FFPLLFGALSSHLPKLF,2.4425604006038566
FFPLLFGALSSMMPKLF,1.2844097217691108
FFPLVLGALGSILPKIF,10.915399215990545
FFPLVLGALGSILPKVFGK,9.400000000000002
FFPMLADLVSKIF,149.99999999999997
FFPVIGRILNGIL,12.0
FFRLLFHGVHHGGGYLNAA,30.283230060421197
FFRLLFHGVHHVGKIKPRA,28.322329886904075
FFSLIPSLVGGLISAFK,27.58702800935395
FFSLLPSLIGGLVSAIK,20.906583773340454
FFSMIPHIATGIASLVKNL,15.53795633824557
FFSMIPKIAGGIASLVKNL,3.9871349111389724
FFSMIPKIATGIASLVKNL,3.901476216186454
FFWHHIGHALDAAKRVHGMLSG,24.999999999999996
FGVLAKVAAHVVPAIAEHF,63.99999999999998
FHEAIAPVVHAAVKALVGFLG,46.586775626302106
FHFHLHF,32.51661751576701
FHFHLHFASASAFIKHFIHRF,24.05721043288467
FHFHLHFGGGFIKHFIHRF,52.482654167901565
FHFHLHFPSGSPFIKHFIHRF,189.6797738804654
FHFHLHFPSPSPFIKHFIHRF,186.840062216246
FHFHLHFPYPFIKHFIHRF,194.70488386048385
FHFHLHFSATFIKHFIHRF,50.6104736553253
FIGAIARLLSKIF,3.132928639672839
FIGALLGPLLNLLK,12.500000000000002
FIGALLRPALKLLA,9.003069924251884
FIGALLRPALKLLAGK,15.999999999999998
FIGPIISALASLFG,59.999999999999986
FIHHIIGALGHLF,13.398507379555385
FIHHIVHAIGRLF,2.0065940655717753
FIITGLVRGLTKLF,7.921669015811208
FIKELLPHLSGIIDSVANAIK,55.000000000000014
FIKHFIHRF,401.7714908574888
FIKHFIHRFGGGFKKFWKWFRRF,5.205544672894471
FIKHFIHRFGGGIKQLLHFFQRF,21.743726491335227
FIKHFIHRFGGGRWRWRWF,12.355198044172148
FIKHFIHRFSATLQLLKQLLKLLKQF,19.45871096594255
FIKHFIHRFSATRWRRLLKKLHHLLH,4.716890604487514
FIKHFIHRFSATRWRWRWF,46.674738533715704
FIKHFIHRFSGGRWRRLLKKLHHLLH,9.598120975856553
FIKHFIHRFSGGRWRWRWF,12.213605269254654
FIKRIARLLRKIF,2.3543277531950415
FILGKLWKGVKSIF,5.040811844231917
FILPLIASFLSKFL,12.0
FIPLVSGLFSRLL,3.477524554922888
FIRSLFFF,100.00000000000004
FISGLIGGLMKAL,24.999999999999996
FITGLIGGLMKAL,100.00000000000004
FKKALHLFKPIKKFLKWK,1.56
FKKFWKWFRRFGGGFIKHFIHRF,10.411089345788943
FKKLKKLFKKILKLK,15.999999999999998
FKLFKKIPKFLHLAKKF,3.125
FKRIVQRIKDFLR,15.999999999999998
FKRLKKLAKKIWNWK,4.0
FKRLKKLFKKIWNWK,1.5874010519681994
FKRLKKLISWIKRKRQQ,1.414213562373095
FKVTWKTKWWKG,6.200000000000001
FLALIGRVLSGIL,2.5
FLFKLIPKAIKGLVKAIRK,1.8316620180611032
FLFKLIPKVIKGLVKAIRK,1.8084310048081205
FLFSLIPHAIGGLISAFK,20.000000000000014
FLFSLIPKAIGGLISAFK,2.9999999999999996
FLFSLIPSAIAGLVSAIRN,11.343923860451708
FLFSLIPSAISGLISAF,47.999999999999986
FLFSLIPSAISGLISAFK,8.371326511504478
FLFSLIPSVIAGLVSAIRN,11.264776387213155
FLGALAKIISGIF,4.0
FLGALLGPLMNLLQ,160.00000000000009
FLGALWEVAKSVF,6.250000000000001
FLGALWKVAKSVF,1.56
FLGALWNVAKKVF,1.56
FLGALWNVAKSVF,6.7824228860283355
FLGALWNVWKSVF,1.56
FLGELWNVAKSVF,49.99999999999999
FLGELWNVWKSVF,12.500000000000002
FLGGILNTITGLL,30.000000000000004
FLGGLIKPWWPWRR,17.244535179210455
FLGGLIKWKWPWWPWRR,3.376917038185192
FLGGLIKWPWWPWRR,3.9081691343510445
FLGGLIKWWPWRR,4.5537948650103015
FLGLIGSLL,137.31592424881208
FLGLLFHGVHHVGKWIHGLIHGHH,2.9099540543716915
FLGLLGGLL,283.7725341441542
FLGLLGSLL,34.00000000000001
FLGSIVGALASALPSLISKIRN,24.999999999999996
FLGVVFKLASKVFPAVFGKV,1.8573132988043308
FLGWLFKWAKK,8.779668254967188
FLGWLFKWASK,18.08123392126274
FLGWLFKWAWK,4.2516387030315395
FLIIRRPIVLGLL,6.566155460821983
FLKALWNVAKSVF,3.1200000000000006
FLKGCWTKWYSLKPKCPF,2.7992900104760623
FLKGIKGMLGKLF,6.0
FLKGIKGMLGKLL,12.0
FLKGIVGKLGKLF,6.0
FLKGIVGMLGKLF,2.9999999999999996
FLKGIVGMLGKLL,2.9999999999999996
FLKGIVGMLGKLW,2.9999999999999996
FLKKAKKFGKAF,362.4104228671352
FLKLLKKLL,6.999999999999999
FLKPLFNAALKLLP,22.20842187521982
FLKWLFKWAKK,4.214427389764293
FLKWLFKWLKK,8.133018709131173
FLPAALAGIGGILGKLF,6.250000000000001
FLPAIAGILSQLF,200.0000000000001
FLPAIGRVLSGIL,40.000000000000014
FLPFIAGMAAKFLPKIFCAISKK,4.917006438367566
FLPFLAGLFGKIF,149.99999999999997
FLPFLASLLSKVL,79.99999999999997
FLPFLATLLSKVL,100.00000000000004
FLPFLIPALTSLISSL,49.99999999999999
FLPFVGKLLSGLL,12.500000000000002
FLPFVGNLLKGLL,8.999999999999998
FLPGLIAGIAKML,9.302540188834124
FLPGLLAGLL,25.219040425836987
FLPIAGKLLSGLSGLL,0.7817551115214317
FLPIALKALGSIFPKIL,6.788587894970225
FLPIIAKLLGGLL,3.65561129387949
FLPIIAKVLSGLL,14.999999999999993
FLPIIGQLLSGLL,79.99999999999997
FLPIITNLLGKLL,6.0
FLPILGKLLSGFL,10.000000000000002
FLPILGKLLSGIL,14.999999999999993
FLPILGKLLSGLL,10.000000000000002
FLPILGNLLSGLL,49.99999999999999
FLPILINLIHKGLL,124.99999999999983
FLPIPRPILLGLL,4.836985580548291
FLPIVAKLLSGLL,2.82842712474619
FLPIVAKLLSGLLGRKKRRQRRR,1.414213562373095
FLPIVGKLLSGLF,149.99999999999997
FLPIVGKLLSGLL,45.91540849331108
FLPIVGKLLSGLSGLS,1.5615835456566427
FLPIVGRLISGLL,14.999999999999993
FLPIVTNLLSGLL,57.999999999999986
FLPLAGRVLSGAL,118.6019868911753
FLPLAGRVLSGIL,40.000000000000014
FLPLAMALGKLL,40.000000000000014
FLPLFASLIGKLL,140.00000000000006
FLPLIGKILGTIL,5.000000000000001
FLPLIGKVLSGIL,4.6519627895242985
FLPLIGRALSGIL,20.000000000000007
FLPLIGRVASGIL,40.000000000000014
FLPLIGRVLAGIL,2.5
FLPLIGRVLSGAL,40.000000000000014
FLPLIGRVLSGIL,1.8035218860471305
FLPLIGRVLSGILGWKRKRFG,10.000000000000002
FLPLKKLRFGLL,3.129999999999999
FLPLLAGLAAKWF,18.799999999999997
FLPLLAGLAANFLPKIFCKITRK,9.707956326467386
FLPLLAGLAANFLPKIFCKITRKC,2.333526063918004
FLPLLASLFSGLF,13.0
FLPLLASLFSRLF,2.0
FLPLLASLFSRLL,2.0
FLPLLFGAISHLL,30.74745821590476
FLPLLFGALSTLLPKIF,24.999999999999996
FLPLLGRVLSGLL,3.4417009795806592
FLPLLVGAISSILPKIF,12.500000000000002
FLPLVGKILSGLI,70.00000000000003
FLPLVLGALSGILPKIL,2.6583663664167503
FLPLVTGLLSGLL,63.99999999999998
FLPLVTMLLGKLF,7.071067811865476
FLPVIAGLLSKLF,8.000000000000002
FLPVIAGVLSKLF,10.000000000000002
FLPVILPVIGKLLNGIL,24.999999999999996
FLPVILPVIGKLLSGIL,24.999999999999996
FLPVLAGVLSRA,33.88304891424548
FLPVLGKVIKLVGGLL,3.1
FLPWFSKFLGRIL,2.9999999999999996
FLQHIIGALGHLF,13.449163542763548
FLQHIIGALSHFF,12.699999999999996
FLQHIIGALTHIF,25.849951644055352
FLSAITSLLGKLL,6.0
FLSGIVGMLGKLF,4.547149699531194
FLSHIAGFLSNLF,10.000000000000002
FLSIIAKVLGSLF,7.071067811865476
FLSLIPAAISAVSALANHF,32.951297364658224
FLSLIPHAIKAVGVHAKHF,61.37630710555905
FLSLIPHAINAVGVHAKHF,247.17276835817802
FLSLIPHAINAVSAIAKHF,4.6475800154489
FLSLIPHAINAVSAIAKHFG,6.0
FLSLIPHAINAVSAIAKHN,7.900000000000002
FLSLIPHAINAVSALANHG,8.200000000000005
FLSLIPHAINAVSTLVHHF,7.600000000000001
FLSLIPHIVSGVASIAKHF,5.9772031236877305
FLSLIPHIVSGVASLAIHF,200.0000000000001
FLSLIPHIVSGVASLAKHF,6.250000000000001
FLSLIPKAIKAVGVKAKKF,31.089175754542797
FLSLIPKIAGGIAALAKHL,4.137824949212078
FLSLIPKIATGIAALAKHL,2.0
FLSMIPHIAGGIASLVKNL,16.150163411895633
FLSMIPHIVSGVAALAKHL,6.250000000000001
FLSMIPKIAGGIASLVKNL,4.055896129716888
FLSSIGKILGNLL,25.198420997897475
FLSTIWNGIKGLL,14.999999999999993
FLSTIWNGIKSLF,8.000000000000002
FLSTLLKVAFKVVPTLFCPITKKC,0.43375262753995525
FLSTLWNAAKSIF,11.892071150014196
FLTGLIGGLMKALGK,149.99999999999997
FLWGLIPGAISAVTSLIKK,4.174317829485038
FLWWLFKWAWK,3.9107596917626113
FLYIVAKLLSGLL,1.414213562373095
FPFSLIPHAIGGLISAIK,47.999999999999986
FPISTLLKWWKG,84.7013160551683
FPLTCPTKWWKG,170.7949514378716
FPLTWPTKWWKG,161.62290080135878
FPVTFRFFKFFKG,50.36002018717381
FPVTWGWWKWWKG,70.86023589429217
FPVTWKWWKWWKG,20.000000000000007
FPVTWPTKWLKG,171.26436120174446
FPVTWPTKWRKG,166.36059644133388
FPVTWPTKWWEG,163.00177815379746
FPVTWPTKWWKG,163.10192193433133
FPVTWPTKWWKS,159.96827253269902
FPVTWRTKWWKG,3.1
FPVTWRWWKWWKG,11.721783785178657
FPVTWRWWTWWKG,17.42822661422005
FQNRRMKWKK,255.99999999999994
FRCRRRFCRF,32.000000000000014
FRFKFRFK,212.68875595368988
FRFKRFRKKGKKLFKKVSPPILLLHL,3.2000000000000006
FRFRCRRRFCRFRF,2.0
FRIRVRV,127.99999999999997
FRIRVRVFKRIVQRIKDFLR,4.0
FRIRVRVKWKLFKKI,4.0
FRRFFKWFRRFFKFF,30.043097662639493
FRRFFKWFRRPFKFF,2.425754025942514
FRRFFKWPRRFFKFF,8.129623863282335
FRRFFKWPRRPFKFF,6.0773863988108525
FRRFRKWFRRFLKLF,12.500000000000002
FRRPFKWPRRFFKFF,4.897549573550455
FRVTWRTKWWKG,2.9999999999999996
FSEAIKKIIDFLG,172.8858525210741
FSFLSRIF,100.00000000000004
FSGGNCRGFRRRCFCTK,20.046927853412054
FSIARLLKWWKG,13.955171337938761
FSVTWRWWKWWKG,7.015149052490798
FVDLKKIANIINSIF,14.400000000000004
FVPWFSKFLGRIL,2.1213203435596424
FVPWFSKFLPRIL,23.999999999999993
FVQWFSKFLGKIL,8.48528137423857
FVQWFSKFLGRIL,2.9999999999999996
FVQWFSKFLLRIL,47.999999999999986
FVQWFSRFLGRIL,6.0
FVRWFSKFLGRIL,6.0
FVRWFSRFLGRIL,6.0
FWGALAKGALKLIPSLVSSFTKKD,5.599999999999999
FWGKLWEGVKNAI,32.000000000000014
GAGALAKFLAKKVAKTVAKQAAKQGAKYVVNKQME,20.000000000000007
GAHDILKYGKPS,30.000000000000004
GALKRIKTLL,38.654843798023585
GAVDILKGAAKDIAGHLASKVMNKL,100.00000000000004
GCKKYRRFRWKFKGKFWFW,19.131238368426363
GCKKYRRFRWKFKGKFWFWGG,92.44279767871798
GCLEFWWKCNPNDDKCCRPKLKCSKLFKLCNFSF,2.0
GCRRFKKFKKWRYRGRFWFWCFG,16.142661740956797
GCRRWKKFRWRYRGKFWFWCG,17.45334997837862
GEFKKIVQKIKDFLKNLV,119.99999999999997
GEFKRIVQRIKDFLRNLV,59.999999999999986
GEFRRIVQRIRDFLRNLV,30.000000000000004
GEILCNLCTGLINTLENLLTTKRKRQQ,3.2999999999999994
GFARIVQRIKDFLRNLV,7.499999999999999
GFFGKMKEYFKKFGASFKRRFANLKKRL,0.7
GFFGKRKEYFKKFGASFKRRFANLKKRL,6.0
GFGKAFHSVSNFAKKHKTA,100.00000000000004
GFGKALKLLKKVL,10.000000000000002
GFGMALKLLKKVL,3.6999999999999997
GFGSLLGKALRLGANVL,6.553255189003546
GFGSVLGKALKFGANLL,12.500000000000002
GFGTILKALAKIAGKVVKKLATKPGATYMLKENLK,0.31299999999999994
GFGVLAKVAAHVVPAIAEHF,63.99999999999998
GFKAIVQRIKDFLRNLV,7.499999999999999
GFKDLLKGAAKALKKTVLF,100.00000000000004
GFKDLLKGAAKALVKAVLF,2.9999999999999996
GFKDLLKGAKKALVKTVLF,49.99999999999999
GFKEVLKADLGSLVKGIAAHVAN,214.0000000000001
GFKEVLKAGLGSLVKGIPAHVAN,434.0000000000001
GFKKLLKGAAKALVKTVLF,2.9999999999999996
GFKRIVQAIKDFLRNLV,14.999999999999993
GFKRIVQRIADFLRNLV,7.499999999999999
GFKRIVQRIKDFLANLV,7.499999999999999
GFKRIVQRIKDFLRNLV,4.8218253804964775
GFLDIVKGVGKVALGAVSKLF,3.7761500158669103
GFLDVIKHVGKAALGVVTHLINQ,6.584749366536823
GFLDVVKHIGKAALGAVTHLINQ,13.323318638823146
GFLGSLLKTGLKVGSNLL,10.378908155562131
GFLSILKKVL,10.9
GFLSILKKVLAKVMAHMK,4.700000000000001
GFLSILKKVLGKVMAHMK,4.3
GFLSILKKVLKKVMAHMK,13.799999999999995
GFLSILKKVLPKVMAHMK,6.800000000000001
GFMKYIGPLIPHAVKAIKKLI,3.129999999999999
GFMKYIGPLIPHKVKAISDLI,200.0000000000001
GFRDVLKGAAKAFVKTVAGHIAN,56.568542494923825
GFVALLKKLPLILKHLH,1.6
GFVALLKKLPLILKHLP,3.109983922788027
GFVDFLKKVAGTIANVVT,53.21405155345389
GFWGKLFKLGLHGIGLLHLHL,1.6971786865245626
GFWGKLWEGVKNAI,7.363159662573908
GFWGKLWEGVKSAI,7.119489509636659
GFWGSLWEGVKSVV,40.39617995719797
GGARSLGRKALRAWKKYGPAIVPIIRI,3.8999999999999995
GGARSLGRKALRAWKKYGPIIVPIIRI,3.7999999999999994
GGLRSLGRKALRAWKKYGPIIVPIIRI,3.2000000000000006
GGLRSLGRKILRAWKKYG,2.82842712474619
GGLRSLGRKILRAWKKYGPAIVPIIRI,3.7999999999999994
GGLRSLGRKILRAWKKYGPIIVPIIRI,2.2894284851066637
GGLRSLGRKILRAWKKYGPQATPATRQ,16.000000000000007
GIADILKYGKPS,20.000000000000007
GIGALSAKGALKGLAKGLAEHFAN,13.999999999999996
GIGAVLKVLALISWIKRKR,5.599999999999999
GIGAVLKVLTTGLPALISWIKRKRQQ,0.2
GIGAVVKVLTTGVPAVISWIKRKRQQ,2.9999999999999996
GIGDILKNLAKAAGKAALHAVGESL,18.999999999999996
GIGGALLNVGKVALKGLAKGLAEHFAN,3.054520052045967
GIGGALLSAGKAALKGLAKVLV,4.682526916684048
GIGGALLSAGKSALKGLAKGLAEHF,15.844466993820404
GIGGALLSAGKSALKGLAKGLAEHFAN,6.299999999999999
GIGGALLSAGKSALKGLAKGLAEHL,8.059190121696346
GIGGALLSVGKLALKGLANVLADKFAN,1.8000165524926381
GIGGALLSVGKSALKGLTKGLAEHF,30.92992808296842
GIGGKILGGLKTALKGAAKELASTYLH,3.5230552294751396
GIGGKILGGLRTALKGAAKELAATYLH,1.7536314255527303
GIGGVLLGAGKATLKGLAKVLAEKYAN,7.19451138380265
GIGGVLLSAGKAALKGLAKVLAEKYAN,1.2449423447386805
GIGGVLLSAGKAALKGLTKVLAEKYAN,7.112781589064264
GIGHFLHKVKSFGKSWIGEIMNS,76.00000000000007
GIGKFIHAAKKFGKLFIGEIMNS,9.600000000000001
GIGKFIHSAKKFGKLFVGEIMNS,37.99999999999998
GIGKFIHSAKRFGRAWVGEIMNS,75.00000000000004
GIGKFLHAAKKFAKAFVAEIMNS,4.2653979987525545
GIGKFLHAALLFAKAFVAEIMNS,1.2250290086869253
GIGKFLHKVGSFIKSWKGEIMNS,72.99999999999999
GIGKFLHKVKSFGKSWIGEIMNS,76.00000000000007
GIGKFLHSAKKFAKAFVAEIMNS,6.337355765005148
GIGKFLHSAKKFGKAFVGEIMNS,223.606797749979
GIGKFLHSAKKFGKAWVGEIMNS,79.99999999999997
GIGKFLHSAKKPGKAFVGEIMNS,105.92349857371524
GIGKFLHSAKKWGKAFVGEIMNS,29.635833219425447
GIGKFLHTLKTFGKKWVGEIMNS,13.0
GIGKFLKKAKKF,375.16850524880516
GIGKFLKKAKKFGKAFVKMKK,1.0
GIGRKFLGGVKTTFRCGVKDFASKHLY,100.00000000000004
GIGRKFLGGVKTTFRGGVKDFASKHLY,75.00000000000004
GIGSAILSAGKSIIKGLAKGLAEHF,26.241741795611677
GIGSALAKAAKLVAGIV,12.500000000000002
GIGSILGVIAKGLPTLISWIKNR,5.000000000000001
GIGSLLAKAAKLGANLL,12.500000000000002
GIGTKFLGGVKTALKGALKELAFTYVN,6.720781349459968
GIGTKFLGGVKTALKGALKELASTYVN,1.7170848444136637
GIGTKILGGVKAALKGALKELASTYVN,3.5164439205192397
GIGTKILGGVKTALKGALKELASTYAN,7.289370826367933
GIGTKILGGVKTALKGALKELASTYVN,7.47510929818092
GIHAILKYGKPS,5.000000000000001
GIHDALKYGKPS,20.000000000000007
GIHDIAKYGKPS,5.000000000000001
GIHDILAYGKPS,10.000000000000002
GIHDILKAGKPS,10.000000000000002
GIHDILKYAKPS,10.000000000000002
GIHDILKYGAPS,20.000000000000007
GIHDILKYGKAS,10.000000000000002
GIHDILKYGKKS,30.000000000000004
GIHDILKYGKPA,49.99999999999999
GIHDILKYGKPS,10.000000000000002
GIHDILKYGKRS,10.000000000000002
GIHKILKYGKPS,10.000000000000002
GIHRILKYGKPS,10.000000000000002
GIIPIISIIGKII,34.00000000000001
GIKDILKYGKPS,14.999999999999993
GIKKILKYGKKS,5.000000000000001
GILDAIKAFANALG,4.004088538405763
GILDAIKAIAKAAG,6.1
GILDPIKAFAKAAG,4.009847310117872
GILGKLWEGVKSIF,8.080937637012301
GILGKLWKGVKSIF,4.644107150411211
GILKSLLKKLKKIIAK,13.0384048104053
GILSKLLKKLKKIIAK,15.165750888103103
GILSSLLKKLKKIIAK,8.944271909999157
GILSSLLKKLKKWIAK,5.6568542494923815
GILSSLLKKWKKIIAK,20.000000000000007
GILSSLWKKLKKIIAK,5.1478150704935
GILSSLWKKLKKWIAK,2.23606797749979
GILSSLWKKPKKIIAK,100.00000000000004
GILSSWLKKLKKIIAK,15.999999999999998
GIMISLMKKLAAHIAK,52.86775955154521
GIMSSLMKKLAAHIAK,61.5332108723082
GIMSSLMKKLAAHIKK,87.46427842267951
GIMSSLMKKLAAIIAK,8.485281374238575
GIMSSLMKKLAKHIAK,62.99999999999999
GIMSSLMKKLAKIIAK,9.486832980505138
GIMSSLMKKLAKIIKK,23.685438564654028
GIMSSLMKKLKAHIAK,100.00000000000004
GIMSSLMKKLKKHIAK,100.00000000000004
GIMSSLMKKLKKIIAK,27.12931993250108
GIMSSLMKKLKKIIKK,59.24525297439452
GIRDILKYGKPS,10.000000000000002
GIRRILRYGRPS,5.000000000000001
GIRRILRYGRRS,10.000000000000002
GIWDTIKSMGKVFAGAILQNL,12.500000000000002
GIWDTIKSMGKVFAGKILQNL,24.999999999999996
GIWDTIKSMGKVFAGLILQNL,24.999999999999996
GIWDTLKNVGKAVLGKVLENV,49.99999999999999
GIWKSLFTKLLKG,6.707672457109634
GIWKTIKSMGKVFAGAIKQNL,100.00000000000004
GIWKTIKSMGKVFAGAILQNL,6.250000000000001
GIWKTIKSMGKVFAGKIKQNL,100.00000000000004
GIWKTIKSMGKVFAGKILQNL,9.259164000860372
GIWSSLLKKLKKIIAK,10.295630140987004
GKAMSLLKHILK,100.00000000000004
GKFLKKAKKFGK,371.0858057649921
GKFMSLLKHILK,43.29999999999996
GKGALKKFLAKKVAKTVAKQAAKQGAKYVVNKQME,40.000000000000014
GKGRWLERIGKAGGIIIGGALDHL,25.72450661200208
GKIIKLKASLKLL,28.77482548068345
GKIIKVVK,100.00000000000004
GKKYRRFRWKFKGKWFWFG,6.132415954568606
GKKYRRFRWKFRKGRFWFWG,5.728022740250278
GKKYRRFWKFKGKWFWFWG,24.250598715074435
GKLSSLWKKLKKIIAK,26.495282598983536
GKLTKDKLKRGAKKALNVASKVAPIVAAGASIAR,25.172405526687353
GKLWLKGGKLWLKGGKLWLKG,32.000000000000014
GKMKEYFKKFGASFKRRFANLKKRL,2.9999999999999996
GKSDVRRWRSRY,100.00000000000004
GKWKKILGHLIR,28.299999999999997
GKWKSLLKHILK,20.000000000000007
GKWLSLLKHILK,5.500000000000002
GKWMHLLKHILK,12.500000000000002
GKWMKLLKHILK,4.5
GKWMSALKHILK,130.00000000000009
GKWMSFLKHILK,6.4
GKWMSLLKHILK,2.545584412271571
GKWMSLLKHIWK,12.2
GKWMSLLKHWLK,13.799999999999995
GKWMSLLKKILK,6.299999999999999
GKWMSLLKQILK,10.8
GKWMSLWKHILK,27.0
GKWMSWLKHILK,10.1
GKWMTLLKHILK,5.3
GKWQSLLKHILK,24.999999999999996
GKWSKILGHLIR,23.299999999999997
GKWWSLLKHILK,4.700000000000001
GLAANFLPKIFCKITRKC,24.70953325915531
GLADFLNKAVGKVVDFVKS,100.00000000000004
GLADVIKKVASVIGGL,64.94106565820985
GLAKRIKTLL,34.160094519183644
GLARIVVIRVAR,47.63181784262191
GLFAVIKKVAAVIKKL,14.721585088376912
GLFAVIKKVAAVIRRL,14.251400983973728
GLFAVIKKVAKVIKKL,14.24273297308335
GLFAVIKKVASVIKGL,7.3034233397082104
GLFAVIKKVASVIKKL,14.584180795772406
GLFDIAKKVIGVIGSL,30.675219244994505
GLFDIIKKIAESF,55.46192263993739
GLFDIIKKVASVIGGL,15.337609622497252
GLFDIIKKVASVVGGL,15.470741239104884
GLFDIIKNIFSGL,69.60428779117824
GLFDIVKKIAGHIAGSI,28.751058613978156
GLFDIVKKIAGHIASSI,28.263079983838043
GLFDIVKKIAGHIVSSI,55.64379734417726
GLFDIVKKVVGAFGSL,30.303584950463957
GLFDIVKKVVGALGSL,15.470741239104884
GLFDIVKKVVGTIAGL,15.33760962249726
GLFDIVKKVVGTLAGL,15.33760962249726
GLFDIWAWWRWRR,23.932197297609914
GLFDIWKKLRWRR,49.820893188985394
GLFDIWKKWRWRR,33.83546242303919
GLFDIWKWWRWRR,5.799114686635589
GLFDKWAWWRWRR,47.44072530346797
GLFDVIAKVASVIGGL,64.14947546256906
GLFDVIAKVASVIKKL,3.527127016311552
GLFDVIKKLLKKIGGL,3.1
GLFDVIKKLLKKIKGL,3.1
GLFDVIKKVAAVIGGL,15.625447278428346
GLFDVIKKVASKIGGL,60.79046202514063
GLFDVIKKVASVIGGA,63.53749179016186
GLFDVIKKVASVIGGL,10.939466040153434
GLFDVIKKVASVIKKL,56.87649315013641
GLFDVIKKVLKKIGGL,12.500000000000002
GLFEVIKKVASVIGGL,61.35043848998894
GLFGILGSVAKHVLPHVIPVVAEHL,13.581954432500593
GLFGVLAKVAAHVVPAIAE,63.99999999999998
GLFGVLAKVAAHVVPAIAEH,63.99999999999998
GLFGVLAKVAAHVVPAIAEHF,2.795206537578127
GLFGVLAKVAAHVVPAIAKHF,4.0
GLFGVLAKVAAKVVPAIAEHF,8.000000000000002
GLFGVLAKVAAKVVPAIAKHF,4.0
GLFGVLAKVASHVVPAIAEHFQA,21.170846017492888
GLFGVLGSIAKHVLPHVVPVIAEKL,13.353542496220257
GLFKGKKKNKKTK,249.9999999999997
GLFKVIKKVAKVIKKL,27.588101913759058
GLFKVLGSVAKHLLPHVAPIIAEKL,4.526186022926339
GLFKVLGSVAKHLLPHVAPVIAEKL,9.288178413489737
GLFKVLGSVAKHLLPHVVPVIAEKL,3.183653565083585
GLFSVLGAVAKHVLPHVVPVIAEKL,3.2709365374310786
GLFSVLGSVAKHLLPHVAPIIAEKL,9.384501125122599
GLFSVLGSVAKHLLPHVVPVIAEKL,4.572873948005585
GLFSVLGSVAKHVVPRVVPVIAEHL,100.00000000000004
GLGKFLHSAKRFGKAFVGEAMNS,75.00000000000004
GLGSLVGNALRIGAKLL,12.500000000000002
GLGSVFGRLARILGRVIPKV,2.620741394208896
GLGSVLGKALKIGANLL,6.123724356957945
GLKDIFKAGLGSLVKGIAAHVAN,200.0000000000001
GLKDMIKNLAKEAAVKLAGAVINKFSPQPQ,40.000000000000014
GLKEIFKAGLGSLVKGIAAHVAN,200.0000000000001
GLKEIFKAGLGSLVKGIAAHVAS,100.00000000000004
GLKKIFKAGLGSLKKGIAAHVAS,249.9999999999997
GLKKIFKKGLGSLVKGIAAHVAS,249.9999999999997
GLKKLISWIKRAAQQG,2.7821793400592703
GLLALISWIKRKRQQ,0.6629123363069188
GLLARIKTLL,25.514983491805687
GLLDFVTGVGKDIFAQLIKQI,63.99999999999998
GLLDTLKGAAKNVVGSLASKVMEKL,200.0000000000001
GLLGKLLKIAAKVGKKLL,2.9999999999999996
GLLGKLLKIAAKVGSNLL,2.9999999999999996
GLLGLLGSVVSHVLPAITQHL,23.534674671719547
GLLGLLGSVVSHVVPAIVGHF,6.200000000000001
GLLGPLLKIAAKVGKNLL,2.9999999999999996
GLLGPLLKIAAKVGSKLL,2.9999999999999996
GLLGPLLKIAKKVGSNLL,24.999999999999996
GLLGVLGSVAKHVLPHVVPVIAEHL,39.13789395470221
GLLKAIKTLL,9.351204107796944
GLLKFIKTLL,1.7459976713629055
GLLKFIKWLL,7.400000000000001
GLLKKIKKLL,255.99999999999994
GLLKKIKTLL,99.99665322199864
GLLKKIKWLL,28.399999999999988
GLLKKLLKIAAKVGKKLL,6.0
GLLKKWLKKWKEFKRIVGY,26.43558004371452
GLLKLIKTLL,1.7994338441296212
GLLKNIKTLL,62.02772963137455
GLLKPLLKIAAKVGSNLL,6.0
GLLKR,52.9245238244012
GLLKRAKTLL,36.85694408648761
GLLKRI,54.37135694023185
GLLKRIK,33.85446232645206
GLLKRIKALL,7.114508367906881
GLLKRIKFLL,6.663564222224203
GLLKRIKILL,12.001277278796103
GLLKRIKKLL,32.91376843535583
GLLKRIKKLLKKIKKLL,12.500000000000002
GLLKRIKLLL,6.000638639398052
GLLKRIKNLL,10.278482639000412
GLLKRIKT,24.779847218235894
GLLKRIKTAL,27.8674455288077
GLLKRIKTL,41.2932984241709
GLLKRIKVLL,19.088673744110608
GLLKRIKWLL,3.2268609064833114
GLLKVIKTLL,2.733649337121928
GLLKVIKVLL,12.780005352996527
GLLKWIKKLL,2.5
GLLKWIKTLL,4.005040247397095
GLLPLLSLLGKLL,1.56
GLLRKWGKKWKEFLRRVWK,12.723365641934747
GLLSKFGRLARKLARVIPKV,3.634241185664279
GLLSLLSLLGKLL,3.1200000000000006
GLLSSLSSVAKHVLPHVVPVIAEHL,38.416225046548945
GLLSVLGSVAKHVLAHVVAVIAEHL,39.47856864448638
GLLSVLGSVAKHVLGHVVPVIAEHL,9.823064602838175
GLLSVLGSVAKHVLPHVVPVIAEKL,38.81795446848031
GLLSVLGSVVKHVIPHVVPVIAEHL,9.567006471429321
GLNTLKKVIQGLHEVIKLVNNHA,6.0
GLPALISLIKRKRQQ,7.843823546739951
GLPALISSIKRKRQQ,22.536619203877997
GLPALISWIKRKR,0.8453122202951272
GLPALISWIKRKRGG,1.573853784988207
GLPALISWIKRKRQ,1.5606031731264136
GLPALISWIKRKRQQ,3.1212522330190926
GLPALISWIKRKRQQG,13.504731787923852
GLPALISWSKRKRQQ,53.27839135908197
GLPALSSWIKRKRQQ,8.257585072639039
GLPASISWIKRKRQQ,141.3970046684767
GLPLLISWIKRKRQQ,0.7079717730564896
GLRILLLKV,2.9999999999999996
GLSALISWIKRKRQQ,1.7375573239778763
GLVGTLLGHIGKAILG,11.313708499000002
GLVGTLLGHIGKAILS,15.101989002910486
GLVTGLLKTAGKLLGDLFGSLSG,12.500000000000002
GLVTSLIKGAGKLLGGLFGSVTG,6.250000000000001
GLWEKVKEKANELVSGIVEGVK,41.44598578842013
GLWSKIKAAGKEAAKAAAKAAGKAALNAVSEAV,4.700000000000001
GLWSKIKEVGKEAAKAAAKAAGK,100.00000000000004
GLWSTIKNVGKEAAIAAGKAALGAL,4.41979464628388
GLWSTIKNVGKEAAIAAGKAVLGSL,0.5
GLWSTIKQKGKEAAIAAAKAAGQAALGAL,5.033752686155859
GMASKAGAIAGKIAKVALKAL,28.502883030720145
GMASKAGSVAGKIAKFALGAL,79.99999999999997
GMASKAGSVLGKITKIALGAL,100.00000000000004
GMASKAGSVLGKLAKVAIGAL,100.00000000000004
GMASKAGSVLGKVAKVALKAAL,24.999999999999996
GMASTAGSVLGKLAKAVAIGAL,200.0000000000001
GMATAAGTTLGKLAKFVIGAV,79.99999999999997
GMATKAGTALGKVAKAVIGAAL,100.00000000000004
GMWKKILGHLIR,8.4
GMWKKILGKLIR,14.999999999999993
GMWPKILGHLIR,75.00000000000004
GMWSKIKETAMAAAKEAAKAAGKTISDMIKQ,39.20000000000002
GMWSKIKNAGKAAAKAAAKAAGKAALDAVSEAI,5.000000000000001
GMWSKILGHL,100.00000000000004
GMWSKILGHLI,15.499999999999998
GMWSKILGHLIK,15.799999999999997
GMWSKILGHLIR,2.481934729198172
GMWSKILGKLIR,9.2
GMWSKILGPLIR,100.00000000000004
GMWSKILPHLIR,100.00000000000004
GMWSKIPGHLIR,100.00000000000004
GRAKRFRKKAKKLFKKLSPVIPLLHL,2.7
GRFKRFRKKAKKLFKKLSPVIPLLHL,2.8
GRFKRFRKKFKKAFKKASPVIPLLHL,2.7
GRFKRFRKKFKKLFKKASPVIPLLHL,2.8
GRFKRFRKKFKKLFKKLSPVIPLLHLG,3.1748021039363983
GRFRRLRKKTRK,127.99999999999997
GRFRRLRKKTRKRLKKIGKV,27.71281292110204
GRFRRLRKKTRKRLKKIGKVLKAI,127.99999999999997
GRFRRLRKKTRKRLKKIGKVLKKI,45.254833995939045
GRFRRLRKKTRKRLKKIGKVLKLI,4.0
GRFRRLRKKTRKRLKKIGKVLKWI,2.82842712474619
GRFRRLRKKTRKRLKKIGKVLKWIPPIVGSIPLG,2.0
GRFRRLRKKTRKRLKKIGKVLKWIPPIVGSIPLGCG,2.0
GRIKRIRKKIKKLIKKLS,4.0
GRILSFIKGLAEHL,64.35643373198711
GRKSDCFRKSGFCAFLKCPSLTLISGKCSRFYLCCKRIW,0.02
GRLKKLGKKIEGAGKRVFKAAEKALPVVAGVKAL,49.99999999999999
GRPMGHQAIETGLNIFRGLFKGKKKNKKTK,149.0
GRRGPRRANQNGTRRRRRRT,100.00000000000004
GRRPRPRPRP,160.00000000000009
GRRPRPRPRPFFF,40.000000000000014
GRRPRPRPRPFFFF,10.000000000000002
GRRPRPRPRPWWW,40.000000000000014
GRRPRPRPRPWWWW,40.000000000000014
GRRRRSVQWCA,92.02180102944732
GRRYKKFRWKFKGRWFWFG,3.033636238119665
GRWKRWRKKWKKLWKKLS,4.0
GSPALISWIKRKRQQ,50.90292168065157
GVADILKGAAKDIAGHLASKVMNKL,100.00000000000004
GVAKFGKAAAHFGKGWIKEMLNS,76.00000000000007
GVFDIIKDAGKQLVAHAMGKIAEKV,303.1312893822015
GVFDIIKDAGKQLVAHATGKIAEKV,306.6275552998964
GVFDIIKDAGRQLVAHAMGKIAEKV,299.9474454582129
GVFDIIKGAGKQLIAHAMGKIAEKV,308.2719775762964
GVFRRLRKVTRKVLKKIGKVLKWI,4.0
GVFRVLRKVTRVVLKVIGKVLKWI,2.0
GVGDLIRKAVSVIKNIV,28.071786069634435
GVIDAAKKVVNVLKNLF,13.674633964235356
GVIDAAKKVVNVLKNLP,14.059604512323213
GVIDIIKGAGKDLIAHAIGKLAEKV,316.20370886397257
GVIKSVLKGVAKTVALGML,12.500000000000002
GVLDILKGAAKDLAGHVATKVINKI,49.99999999999999
GVLSAFKNALPGIMKIIV,4.287495329573277
GVLSNVIGYLKKLGTGALNAVLKQ,50.876694997795205
GVLSVIKNALPGIMRF,4.3
GVLSVIKNALPGIMRFIA,4.21197479175207
GVVAILKGAAKDIAGHLASKVMNKL,100.00000000000004
GVVDALKGAAKDIAGHLASKVMNKL,100.00000000000004
GVVDIAKGAAKDIAGHLASKVMNKL,100.00000000000004
GVVDILAGAAKDIAGHLASKVMNKL,100.00000000000004
GVVDILKAAAKDIAGHLASKVMNKL,100.00000000000004
GVVDILKGAAADIAGHLASKVMNKL,100.00000000000004
GVVDILKGAAKAIAGHLASKVMNKL,50.000000000000014
GVVDILKGAAKDAAGHLASKVMNKL,100.00000000000004
GVVDILKGAAKDIAAHLASKVMNKL,100.00000000000004
GVVDILKGAAKDIAGALASKVMNKL,100.00000000000004
GVVDILKGAAKDIAGHASKVMNKL,100.00000000000004
GVVDILKGAAKDIAGHLAAKVMNKL,100.00000000000004
GVVDILKGAAKDIAGHLASAVMNKL,100.00000000000004
GVVDILKGAAKDIAGHLASKAMNKL,100.00000000000004
GVVDILKGAAKDIAGHLASKVANKL,100.00000000000004
GVVDILKGAAKDIAGHLASKVMAKL,100.00000000000004
GVVDILKGAAKDIAGHLASKVMNAL,100.00000000000004
GVVDILKGAAKDIAGHLASKVMNKA,100.00000000000004
GVVDILKGAAKDIAGHLASKVMNKL,102.39041469821156
GVVDILKGAAKDIAGHLLSKVMNKL,62.996052494743665
GVVDILKGAAKDILGHLASKVMNKL,50.000000000000014
GVVDILKGAAKDLAGHLATKVMNKL,200.0000000000001
GVVDILKGALKDIAGHLASKVMNKL,50.000000000000014
GVVDILKGLAKDIAGHLASKVMNKL,39.68502629920498
GVVPVVSVVGKVV,100.00000000000004
GVVTDLLKTAGKLLGNLFGSLSG,6.250000000000001
GVVTDLLKTAGKLLGNLVGSLSG,50.50000000000001
GVVTDLLNTAGGLLGNLVGSLSG,300.0000000000002
GVVVRIGRVIVRGVRR,8.000000000000002
GVVVRIGRVVVRGVRR,8.000000000000002
GVVVRVARVVVRWVRR,4.0
GVVVRVGRVVVRGVRR,15.999999999999998
GVVVRVGRVVVRWV,8.000000000000002
GVVVRVGRVVVRWVRR,2.0
GVVVRVGRVVVRWVRRRR,2.0
GVVVRVPRVVVRWVRR,4.0
GVVVRWGRVIVRGVRR,4.0
GVVVRWGRVVVRGVRR,8.000000000000002
GVVVRWGRVWVRGVRR,4.0
GVWDWLKKTAKNVWNSDIVKQLKGKAINAAKNYVAEKIGATPS,42.00000000000001
GWASKIGQTLGKIAKVGLKELIQPK,93.83704206725845
GWFDVVKHIAKRF,49.99999999999999
GWFKKAWRKVKNAGRRVLKGVGIHYGVGLI,2.3563644195334827
GWGSFFKKAAHVGKHVGKAALTHYL,17.7
GWGSIFKHGRHAAKHIGHAAVNHYL,11.572820435575645
GWKKWFNRAKKVGKTVGGLAVDHYL,5.595713152132717
GWKKWLRKGAKHLGQAAIK,3.957911994932261
GWKSVFRKAKKVGKTVGGLALDHYL,23.194674241853985
GWLDVAKKIGKAAFNVAKNFI,1.0
GWLKKIGKKIERVGQHTRDATIQGLGIAQQAANVAATAR,200.0000000000001
GWMSKIASGIGTFLSGMQQ,100.00000000000004
GWRTLLKKAEVKTVGKLALKHYL,1.5076048677696725
HCLAIGRR,25.942768307406237
HFKGTLVNLAKKIL,127.99999999999997
HFLGKLVNLAKKIL,8.000000000000002
HFLGTKVNLAKKIL,127.99999999999997
HFLGTLKNLAKKIL,8.000000000000002
HFLGTLVKLAKKIL,4.0
HFLGTLVNKAKKIL,127.99999999999997
HFLGTLVNLAKKIK,127.99999999999997
HFLGTLVNLAKKKL,127.99999999999997
HFLGTLVNLKKKIL,127.99999999999997
HFLKTLVNLAKKIL,8.000000000000002
HKLGTLVNLAKKIL,127.99999999999997
HKTDSFVGLM,440.7984729330341
HKWMSLLKHILK,38.3
HLRRINKLLTRIGLYRHAFG,37.171995462913586
HRWWRWWRH,15.999999999999998
HRWWRWWRR,8.000000000000002
HSDAVFTDNYTRLRKQMAVKKYLNSILN,150.29541314931578
ICLKKWPWWPWRRCK,7.668069955418798
IDWKKLLDAAKQIL,9.063499420751752
IDWLKLGKMVIDAL,2.0
IDWLKLGKMVMDVL,21.199767043179342
IFGAILPLALGALKNLIK,8.000000000000002
IFGAIWNGIKSLF,4.330091551458376
IGCWTKSIPPRPCFVK,43.662416603419814
IGGYCSWLRL,45.254833995939045
IGKFLKKAKKFG,375.16850524880516
IIGHLIKTALGMLGL,12.0
IIGLVSKGTCVLVKTVCKKVLKQ,24.999999999999996
IIGPVLGLIGKALGGLL,159.7
IIGPVLGLVGKALGGLL,161.0060462801816
IIGPVLGLVGSALGGLLKKI,2.9999999999999996
IIGPVLGMVGSALGGLLKKI,2.1
IIRKIIRK,481.06448409634527
IKFEPPLPPKKAH,42.61515346915316
IKIKIKIK,42.989546036758874
IKKIIKKI,499.99999999999983
IKKIIKKIIK,499.99999999999983
IKKIIKKIIKKI,249.9999999999997
IKKILSKIKKLLK,5.000000000000001
IKKIVSKIKKLL,3.1200000000000006
IKKIVSKIKKLLK,3.1200000000000006
IKKIVSKIKKVLK,6.250000000000001
IKKWWSKIKKLLK,1.56
IKLSKETKDNLKKVLKGAIKGAIAVAKMV,6.250000000000001
IKLSKETKKNLKKVLKGAIKGAIAVAKMV,4.401704215414752
IKLSKKTKDNLKKVLKGAIKGAIAVAKMV,3.1
IKLSPETKDNLKKVLKGAIKGAIAVAKMV,11.18033988749895
IKLSPETKKNLKKVLKGAIKGAIAVAKMV,3.1
IKLSPKTKDNLKKVLKGAIKGAIAVAKMV,2.227105745132009
IKLSPKTKKNLKKVLKGAIKGAIAVAKMV,2.227105745132009
IKPAGKLFKLFK,368.406468613172
IKQLLHFFQRF,42.32223240363464
IKQLLHFFQRFGGGFIKHFIHRF,21.743726491335227
IKWAGKLFKLFK,2.704778803189475
IKWKAILDAVKKVI,27.848271742985794
ILAWKWAWWAWRR,1.7356637017330485
ILGAAWNGAKSLF,74.20818200120621
ILGAILPLVSGLLSNKL,127.99999999999997
ILGAVWNGVKSLF,71.24199373569147
ILGIITSLLKSL,19.675734451880476
ILGKAWEGAKSLF,70.43909832037265
ILGKIAEGIKSLF,63.99999999999998
ILGKIIKVVK,100.00000000000004
ILGKILEGIKSLF,4.0
ILGKILKGIKKLF,2.0
ILGKIWEGIESLF,66.45546234660087
ILGKIWEGIKSLF,2.0820112647009457
ILGKIWKGIKSLF,8.157128398763776
ILGKIWKPIKKLF,1.0
ILGKLLKTAAGLLSNL,8.000000000000002
ILGKLLKTAAKLLSNL,4.0
ILGKLLSTAAGLLKNL,15.999999999999998
ILGKLLSTAAGLLSKL,32.000000000000014
ILGKLLSTAAGLLSNL,49.99999999999999
ILGKLLSTAAKLLSKL,2.0
ILGKLLSTAAKLLSNL,4.0
ILGKLWEGLKSLF,33.24853847736986
ILGKVWEGVKSLF,67.76113090074934
ILGLVISTIGNVLGGLLKNL,49.81420298570387
ILGPVIKTIGGVIGGLLKNL,4.758383220847346
ILGPVISTIGNALGGLLKNL,50.93298792618241
ILGPVISTIGNVLGGLLKNL,50.21549477427431
ILGPVLGLDGNALGGLIKKI,50.98421717277933
ILGPVLGLVGDTLGDLL,60.06079594008239
ILGPVLGLVGNALGGLIKKI,5.140238822692036
ILGPVLGLVGNALGGLIKKL,4.831824493330514
ILGPVLGLVGSALGGLI,64.56163873966902
ILGPVLGLVSNALGGLL,62.268101913206145
ILGPVLGLVSNTLDDVLGIL,49.47074221152426
ILGPVLSMVGSALGGLIKKI,1.0170487888474498
ILGTILGLLKGL,9.016270638287649
ILGTILGLLKSL,12.091171300782715
ILGTILGPLKGL,255.99999999999994
ILGTILPLLKGL,255.99999999999994
ILGTIPGLLKGL,255.99999999999994
ILKKWPWWPWRRK,8.509331119772664
ILKWKWPWWKWRR,2.5388655891551846
ILKWKWPWWPWRR,2.579544910495982
ILPILAPLIGGLL,100.00000000000004
ILPILGNLLNGLL,100.00000000000004
ILPILGNLLNSLL,100.00000000000004
ILPILSLIGGLL,63.51670463862404
ILPIRSLIKKLL,12.500000000000002
ILPKKKPWWPWRR,3.4892924223008546
ILPKKWPKLPWRR,3.6376508621116135
ILPLKLPLLPLRR,2.0298211202303906
ILPLKLPLLPWRR,3.0958600240325427
ILPLKLPWLPLRR,6.191720048065085
ILPLKLPWWPWRR,1.7772329867842567
ILPLKWPWWPWRR,1.7064502182675223
ILPWKKPKKPKRR,5.9697254923217695
ILPWKKPKKPWRR,5.7698194017678155
ILPWKKPKLPWRR,1.821735551745496
ILPWKLPWWPWRR,0.8504991503186375
ILPWKWKWWPWRR,2.579544910495982
ILPWKWPKKPWRR,2.791433937840684
ILPWKWPKLPWRR,1.7622093804263241
ILPWKWPLLPWRR,3.548787912907861
ILPWKWPLWPWRR,0.8504991503186375
ILPWKWPWAPARR,11.926020746624953
ILPWKWPWLPKRR,3.5187886989343538
ILPWKWPWLPLRR,14.195151651631454
ILPWKWPWLPWKK,1.7602166517395044
ILPWKWPWLPWRR,0.8504991503186375
ILPWKWPWLPYRR,3.4507884168130585
ILPWKWPWWKWRR,2.579544910495982
ILPWKWPWWPARR,44.639436944926025
ILPWKWPWWPLRR,1.7064502182675223
ILPWKWPWWPWRR,2.1213203435596424
ILPWKWPYLPWRR,3.4507884168130585
ILPYKYPYYPYRR,13.95022492784664
ILSAIWSGIKGLL,30.000000000000004
ILSAIWSGIKSLF,7.422800840645566
INLKAIAAFAKKLL,18.305477783330616
INLKAIAALAKKLF,14.9463600223446
INLKAIAALAKKLL,4.454493590698448
INLKAIAALAKKLLG,1.9519262681974014
INLKAIAAMAKKLL,1.001381639627582
INLKILARLAKKIL,4.330127018922193
INLLKIAKGIIKSL,3.2809593787700266
INPKSVQSLL,200.0000000000001
INWKALLDAAKKVL,2.4637898698057623
INWKGIAAMAKKLL,2.376431808192922
INWKGIAAMKKLL,2.4901098892224143
INWKKIASIGKEVLKAL,25.800000000000015
INWKKIFEKVKNLV,11.800000000000006
INWKKIKSIIKAAMN,49.99999999999999
INWKKLLDAAKQIL,7.799999999999998
INWKKMAATALKMI,1.7911770448185231
INWLKAKKVAGMIL,27.066088953931636
INWLKLGKAIIDAL,121.20897496484342
INWLKLGKKILGAL,15.499999999999998
INWLKLGKMVIDAL,2.2263461563485496
IPHAVKAISDLI,200.0000000000001
IPPFIKKVLTTVF,49.99999999999999
IPWGKVKDFLVGGMKAV,8.999999999999998
IRCRRRFCRI,63.99999999999998
IRIKIRIK,21.101392288507334
IRIKIRIKIRIK,40.321672757174696
IRIRCRRRFCRIRI,4.0
IRIRIRIR,10.373183606592509
IRVKIRVK,247.20448804692137
IRVKIRVKIRVK,20.75658618747998
ISGPVLGLVGNALGGLIKKI,52.100846815903616
ISKRILTGKK,223.88910772494378
ITIPPIVKDTLKKFIKGAISGVM,20.000000000000007
ITIPPIVKDTLKKFIKGAISSVM,20.000000000000007
IWLTALKFLGKNLGKHLAKQQLAKL,4.573926103469534
IWRIFR,127.99999999999997
IWRIFRRIF,4.0
IWRIFRRIFRIF,1.0
IWRIFRRIFRIFIRF,8.000000000000002
IWSAIWSGIKGLL,1.681792830507429
IYYPPNHNFP,202.95180719070953
KAACAAHCLWR,81.33536400625468
KAACAAKCLWR,163.86585777017072
KAIAKSILKWIKSIAKAI,1.4
KAKKFGKAFVKI,375.16850524880516
KAKLFKKIPKFLHLWKKF,2.0
KALAKALAKLWKALAKAA,1.4999999999999998
KALKKLLAKWLAAAKALL,1.4999999999999998
KALWKTMLKKLGTMAL,10.449880382090505
KAYSMPRCKGGFRAVMCWL,11.224247419522824
KAYSMPRCKYLFRAVLCWL,5.321650564842121
KAYSTPRCKGLFRALMCWL,7.795169350715299
KDLHTVVSAILQAL,66.32298537797037
KFAKKFKWFAKAAFKFFKK,4.171954619146433
KFFRKLKKSVKKRAKEFFKKPRVIGVSIPF,27.483958231969048
KFGKAFVKILKK,181.97329854610453
KFLGTLVNLAKKIL,127.99999999999997
KFLHLAKKFPKWKLFKKI,1.56
KFLKKAKKFGKA,367.3512553870415
KFWKLLKKALRLWAKVL,7.470593060967648
KFWSLLKKALRLWANVL,5.422166092302636
KGIVGMLGKLF,40.000000000000014
KIAGKIAAIAGKIAKIAGAIAKIAGK,3.2692310678624534
KIAGKIAAIAGKIAKIAGAIAKIAGKIA,6.080658182603001
KIAGKIAAIAGKIAKIAGKIAK,29.980879225822502
KIAGKIAAIAGKIAKIAGKIAKIA,3.4498678571240666
KIAGKIAKIAGKIA,185.27242029685414
KIAGKIAKIAGKIAK,169.54524917654658
KIAGKIAKIAGKIAKIA,151.107609926802
KIAGKIAKIAGKIAKIAGK,136.21509853911965
KIAGKIAKIAGKIAKIAGKIA,3.8766902369433063
KIAGKIAKIAGKIAKIAGKIAK,7.299975093397476
KIAGKIAKIAGKIAKIAGKIAKIA,1.6834848203119848
KIAGKIAKIAGKIAKIAGKIAKIAGK,3.1234780365223593
KIAGKIAKIAGKIAKIAGKIAKIAGKIA,2.9138771907849077
KIAGKIAKIAKKIAK,161.91849124349878
KIAGKIAKKAGKIAK,167.87588673387697
KIAGKIAKKAGKIAKIA,149.78016250679568
KIAGKIASIAGKIAKIAGKIAK,59.515691986393435
KIAGKIASIAGKIAKIAGKIAKIA,3.4262286712982424
KIAGKIASIAGKIAKIAGSIAKIAGK,12.90813193756627
KIAGKIASIAGKIAKIAGSIAKIAGKIA,3.003800295491344
KIAKKIAKIAKKIA,167.9799836101406
KIAKVALKAL,23.034646744506137
KIAKVALKALKIAKGALKAL,1.224744871391589
KIAKVALKALKIAKVALKAL,1.0606601717798212
KIFGAIWPLALGALKNLIK,4.0
KIGAIKKWGAIKKIGAIK,133.09524534912708
KIGAKIKWGAKIKIGAKI,4.15922641716022
KIGKAIKWGKAIKIGKAI,133.09524534912708
KIKGAIKWKGAIKIKGAI,8.318452834320444
KIKIPWGKVKDFLVGGMKAV,24.400000000000002
KIKLFKKWPKFLHLAKKF,2.0
KILGKLWKGVKSIF,5.100045758182266
KILGVSKKIMRRISKDILTGKK,101.86453481172731
KILRGVAKKIMRTFLRRISKDILTGKK,20.18323284869081
KILRGVSKKIMRRILTGKK,115.0131364320418
KILRGVSKKIMRRISKDILTGKK,76.1193034109866
KILRGVSKKIMRTFLRR,60.875888948491266
KILRGVSKRILTGKK,150.8436846374722
KISKKIMRTFLRR,152.64325345738476
KISKKIMRTFLRRILTGKK,110.44346026091132
KISKKIMRTFLRRISKDILTGKK,46.35291800853232
KIWFQNKKMKWKK,255.99999999999994
KIWFQNRRMKWKK,255.99999999999994
KIWVIRWR,13.835743779319895
KKAAAAFAAFAAWFAAFAAAAKKKK,32.000000000000014
KKAAAFAAAAAFAAWAAFAAAKKKK,32.000000000000014
KKAFAAAAAFAAWAAFAKKKK,32.000000000000014
KKAGKIAKKAGKIA,181.33156157286712
KKAKKFGKAFVK,371.0858057649921
KKCRNKKMEVSR,16.591014956667262
KKFGKAFVKILK,181.97329854610453
KKFWEDDG,249.97956709983745
KKIGAIKKWGAIKKIGAI,133.09524534912708
KKIMRTFLRR,189.81158160574515
KKIMRTFLRRISKDILTGKK,105.21922281218508
KKIMRTFLRRISKKILTGKK,52.32818734668454
KKKAAAFAAWAAFAKKK,32.000000000000014
KKKKKKAAFAAFAAFAA,32.000000000000014
KKKKKKAAFAAWAAFAA,32.000000000000014
KKKKKKAAWAAWAAWAA,32.000000000000014
KKKLFWKIPKFLHLAKKF,2.0
KKKLLLLLLLLLKKK,49.99999999999999
KKKVVFKVKFK,2.2701068915730946
KKKVVFKVKFKK,2.077026494364157
KKKVVFKVKFKKK,1.9142158537069403
KKLAGLAKKWAGLAKKLAGLA,7.488293807700522
KKLGEPSCNKLK,18.592572044357414
KKLIKVFAKGFKKAKKLFKGIG,36.52295363346537
KKLLFKLKFK,19.33940910524136
KKLLKKLLKWL,1.417560326228828
KKLLKWLKKLL,3.558048180468793
KKLLKWLLKLL,1.1462467582708868
KKPKKPWKPKK,18.2
KKPKLPWKPKK,15.999999999999998
KKPKLPWLPKK,13.299999999999997
KKPKLPWLPLK,23.999999999999993
KKRLKKIFKKPMVIGVTIPF,53.961617438775896
KKRYKKKYKAYKPYKKKKKF,35.35533905932737
KKVLFKLKFK,13.825037918024929
KKVVFKFKFK,3.4003355405547375
KKVVFKVKFKK,2.2701068915730946
KKVVFKVKFKKK,2.077026494364157
KKVVPKVKFK,83.29454583982064
KKVVVKVKFK,5.193023367031366
KKWLKKWLK,44.980925349876465
KKWMSLLKHILK,28.299999999999997
KKWRKLLKKLKKLL,1.096849026957807
KKWRKLLKWLAKK,2.491013090968959
KKWRWWLKALAKK,3.042194898847594
KKWRWWLKALAKKLL,0.2540032951339471
KKYRYHLKPFSKK,127.99999999999997
KLAGKLAKWAGKLAKLAGKLA,3.74414690385026
KLAGLAKKLAGLAKKLAGLAK,7.7533804738866134
KLAGLAKKWAGLAKKLAGLAK,7.488293807700522
KLAGLKAKWAGLKAKLAGLKA,119.8127009232083
KLAKGLAKWAKGLAKLAKGLA,3.744146903850261
KLALKAALKAWKAAAKLA,44.99999999999997
KLALKLALKAWKAALKLA,1.2999999999999998
KLFAVIKKVAAVIGGL,30.730166581472403
KLFAVIKKVAAVIRRL,54.78447922832773
KLGFENFLVKALKTVMHVPTSPLL,255.99999999999994
KLKAGLAKWKAGLAKLKAGLA,119.8127009232083
KLKKKLKKLLKK,334.2192147840399
KLKKLLKKLLKK,337.6075803435146
KLKKLLKKLLKL,341.0653531012081
KLKKLLKKWLKLLKKLLK,8.000000000000002
KLKLLLKLK,16.582682271731393
KLKLLLLKLK,1.6533706730566136
KLKLLLLLKLK,0.37798388987303294
KLKLVALHKQVL,7.1954300384739645
KLLAKAALKWLLKALKAA,1.6
KLLGPLLKIAAKVGSNLL,12.500000000000002
KLLKKLLKWLK,2.8351206524576558
KLLKRIKKLL,22.352109264773656
KLLKRIKTLL,19.58208885079085
KLLKVIKKLL,7.527453249287923
KLLKWLKKLLK,2.8351206524576558
KLLKWLLK,24.006779514534905
KLLKWLLKL,2.6850750794630645
KLLKWWKKLL,15.999999999999998
KLLLKLKLKLLK,49.99999999999999
KLLLKLKLKLLKGWKRKRFG,24.999999999999996
KLLLKLLLKLLK,11.629807489080688
KLLNLLPGLLAGIF,12.500000000000002
KLPKLPWKPKK,18.7
KLPLIGRVLSGIL,65.69371304074238
KLPLLPWLPKK,63.99999999999998
KLPLLPWLPLK,63.99999999999998
KLSPSLGPVSKGKLLAGQR,66.00000000000003
KLVKRFKKFFRKLKKS,7.686255874401198
KLWKLWLKWLK,4.000000000000001
KLWLLWLKWLL,40.31747359663596
KMWSKILGHLIR,41.70000000000001
KNLRRIIRKIIHIIKKYGPTILRIIRIIG,1.4247374194688536
KNWGAILKHIIK,100.00000000000004
KNWGKILKHIIK,76.69999999999997
KNWKAILKHIIK,65.00000000000004
KQFRIRVRVIRK,7.5047706889173105
KQIKIWFQNKKMKWKK,255.99999999999994
KRFKKFFKKLKNSVKKRAKKFFKKPRVIGVSIPF,10.891223246116514
KRFKKFFKKLKNSVKKRVKKFFRKPRVIGVTFPF,7.513016241943726
KRFKKFFKKVKKSV,71.17960962210417
KRFKKFFKKVKKSVKKRLKKIFKKPMVIGVTIPF,7.706555742998791
KRFRIRVRVIRK,3.6876795976790717
KRIKTLL,70.02461078082835
KRIRKRIKKWKR,4.0
KRIRKRIKKWLR,4.0
KRIVKLIKKWLR,2.82842712474619
KRIVKLILKWLR,5.6568542494923815
KRIVKRIKKWLR,2.82842712474619
KRIVQRIKDFLR,4.0
KRIVQRIKDWLR,2.0
KRIVQRIKKWLR,2.82842712474619
KRLRRVWRRWR,5.000000000000001
KRRKLAFRLFRLFLKLVLKK,15.999999999999998
KRRKLIKILKLIAKLIRKKR,2.0
KRRKLIKILKLIIKLIRKKR,2.0
KRRLFLFRLFRLFLRLFLKK,4.0
KRRLIARILRLAARALVKKR,8.000000000000002
KRRLILRILRLAIRALVKKR,4.0
KRRWPWWPWRLI,4.49405405751569
KRRWRIWLV,6.094724048798323
KRWWKWIRW,2.823108086643085
KSDVRRWRSRY,100.00000000000004
KSLRRVWRSWR,59.999999999999986
KSLVRRWRSRW,30.000000000000004
KVFKRLEKLFSKI,6.250000000000001
KVVFKVKFK,5.568201063909495
KVVFKVKFKKK,2.270106891573095
KWAKKWKWFAKAAWKWYKK,38.924109585692555
KWARLWRWFRITRWLWYIK,36.16229260834781
KWASLWNWFNITNWLWYIK,38.911206843920965
KWCFRVCYRGICYRKCR,7.140484525610529
KWCFRVCYRGICYRRCR,1.134930691244902
KWFKIQLQIKKWKNKK,32.000000000000014
KWFKKIPKFLHLAKKF,3.125
KWFKKIPKFLHLLKKF,1.56
KWFKRLEKLFSKI,1.56
KWFRVYRGIYRRR,13.999999999999996
KWKKFIKKIGIGAVLKVLTTGLPALKLTKK,4.81607253438683
KWKKFIKSLTKSAAKTVVKTAKKPLIV,21.03333971673283
KWKKLLKKLLKLL,8.000000000000002
KWKKLLKKLLKLLKKLL,4.0
KWKKLLKKLLKLLKKLLK,4.0
KWKKLLKKLLKLLKKLLKKLK,8.000000000000002
KWKKLLKKLLKLLKKLLKKLKKLLK,8.000000000000002
KWKKLLKKLLKLPKKLLKKLKKLLK,2.0
KWKKLLKKPLKLLKKLL,2.0
KWKKLLKKPLLKK,12.500000000000002
KWKKPLLKKLLKKL,6.250000000000001
KWKLFKKI,63.99999999999998
KWKLFKKIEKVGQGIGAVLKVLTTGL,2.7747742442856866
KWKLFKKIGIGKFLHSAKKF,1.7677669529663689
KWKLFKKIGPGKFLHSAKKF,3.125
KWKLFKKIKFLHSAKKF,3.125
KWKLFKKILKFLHLAKKF,3.125
KWKLFKKIPFLHLAKKF,3.125
KWKLFKKIPHLAKKF,6.250000000000001
KWKLFKKIPKFLH,6.250000000000001
KWKLFKKIPKFLHL,6.250000000000001
KWKLFKKIPKFLHLA,6.250000000000001
KWKLFKKIPKFLHLAK,3.125
KWKLFKKIPKFLHLAKK,3.125
KWKLFKKIPKFLHLAKKF,12.451378763106751
KWKLFKKIPKFLHSAKKF,3.125
KWKLFKKIPLAKKF,6.250000000000001
KWKLFKKIPLHLAKKF,3.125
KWKLFKKIPLKKF,12.500000000000002
KWKLFKKISKFLHLAKKF,6.250000000000001
KWKLKKHIGIGKHFLSAKKF,63.99999999999998
KWKLWKKIEKWGQGIGAVLKWLTTWL,0.827351092845458
KWKSFIKKLTKKFLHSAKKF,0.14175740634479045
KWKWKWKW,12.500000000000002
KWKWKWKWKW,12.500000000000002
KWKWWKWK,8.838834764831844
KWLKKLLKKLL,2.835120652457656
KWLKKWL,79.89875230108404
KWLKKWLKWLKK,1.4953207176076895
KWLLKWL,40.557565126577614
KWRRWIRWL,3.125
KYKKALKKLAKLL,10.355930080643569
LALKSGGWLRLFGLKDKKH,17.00000000000001
LCAAHCLAIGRR,26.44276204185132
LCAAHCLAILRR,18.883836964856222
LCAAHCLAIRRR,15.84496920541681
LCAARCLAIGRR,16.819156451484275
LCAIAKKKGKCKGPLKLVCKC,100.00000000000004
LDPKVVQSLL,200.0000000000001
LFFFFF,24.220282779874875
LFGLIPSLIGGLVSAFK,14.433235144996855
LFGMALKLLKKVL,2.2999999999999994
LFGVLAKVAAHVVPAIAEHF,63.99999999999998
LFRLIKSLIKRLVSAFK,6.9577938837686375
LGAWLAGKVAGTVATYAWNRYV,2.9999999999999996
LHCIALRKK,59.1837178194314
LHLIALRKK,58.64064390359035
LHRIALRKK,56.41643012168404
LIAGLAANFLPKLFCKITK,6.063325370166013
LIGPVLGLVGSALGGLLKKI,3.2999999999999994
LIGSLVRGILPLF,45.78798802214852
LIKHILHRL,437.65978411643397
LIKHILHRLGGGFHFHLHF,27.415999898582722
LILGKLWKGVKSIF,7.802674482158342
LKKAKKFGKAFV,375.16850524880516
LKKLLKKL,499.99999999999983
LKKLLKKLLK,499.99999999999983
LKKLLKKLLKKL,62.50000000000002
LKKLLKKLLKW,4.009466077669675
LKKLLKWLKKL,4.009466077669675
LKKLLKWLLKLLK,7.635033663474225
LKKWLK,245.3815210292576
LKKWLKK,212.03745090272818
LKKWLKKWLKK,18.86949388856278
LKLKAIAALAKKKW,15.170394822799357
LKLKSIVSWAKKVL,10.419713413822718
LKLLKKLLKKLLKLL,2.9999999999999996
LKLLKWLLKLL,2.2450016667326893
LKLSPETKDTLKKVLKGAIKGAIAIASLA,5.000000000000001
LKLSPKTKDTLKKVLKGAIKGAIAIASMA,1.224744871391589
LKRIKTLL,31.495106219277666
LKWGAILKHIIK,11.7
LKWLKKLLKKL,2.835120652457656
LKWLKKWLK,22.762222161521144
LKWLLKWLL,1.486742255902078
LKWRKMFRW,11.401677008999547
LLAAHLLAIGRR,19.4064442219939
LLAGLAANFLPKIFCKITRKC,7.616718561539433
LLCIALRKK,14.999999999999993
LLGMIKVAITAISALSKL,8.684637787640632
LLGMIPLAISAISALSKL,5.944257449735096
LLGMIPLAISAISSLSKL,17.51240740382994
LLGMIPVAIKAISALSKL,6.154290470185852
LLGMIPVAISAISALSKL,53.66563886119382
LLGMIPVAITAISALSKL,99.94020017581865
LLGSLLKLLPKLL,0.7800000000000001
LLIILKKKWKKQAKAKSK,4.0
LLIILRRRIRKQAHAHSK,6.32455532033676
LLIILRRRWRKQAKAKSK,4.0
LLIILRRRWRKQARARSK,4.0
LLIILRRRWRRQARARSR,4.0
LLIRAAKKFIKK,62.50000000000002
LLKALKKLLKKLL,1.4999999999999998
LLKELWTKIKGAGKAVLGKIKGLL,52.15361924162121
LLKKLLKKLLKL,344.59468772829376
LLKKLLKLLLKL,43.872926455813385
LLKKLLKWLKK,4.009466077669675
LLKLLKWLLKLLK,15.411405623757531
LLKRIKTLL,54.67281735861948
LLKWLKK,215.46734490041038
LLKWLKKL,24.006779514534905
LLKWLKKLLKK,4.009466077669675
LLKWLKKWLKK,6.738875968966127
LLKWLLK,27.3762533122529
LLKWLLKWLKK,1.7356446377339156
LLKWLLKWLLK,2.431762667420826
LLPALISWIKRKRQQ,0.5945116843164574
LLPIVGNLLKSLL,2.8
LLPIVGNLLKSLLGAKRKRAG,100.00000000000004
LLPIVGNLLKSLLGWKRKAFG,49.99999999999999
LLPIVGNLLKSLLGWKRKRFG,12.500000000000002
LLPWKWPWWKWRR,16.122155690599886
LLQWLSKLLGRLL,2.1213203435596424
LLQWLSKLLGRWL,6.0
LLRHVVKILEKYL,1.5393879184279573
LNWGAALKHAAK,100.00000000000004
LNWGAFLKHFFK,21.7
LNWGAGLKHGGK,100.00000000000004
LNWGAIKKHIIK,100.00000000000004
LNWGAILKHIIK,10.6
LNWGAILKHIKK,100.00000000000004
LNWGAILKHKIK,100.00000000000004
LNWGAILKKIIK,7.300000000000001
LNWGALLKHLLK,6.700000000000001
LNWGAVLKHVVK,100.00000000000004
LNWGAWLKHWWK,20.000000000000007
LNWGKILKHIIK,8.699999999999994
LNWKAILKHIIK,5.3
LPFFLLSLIPSAISAIKKI,2.5
LPKVMAHMK,100.00000000000004
LPLLAGLAANFLPKIFCKITRK,7.280653059220015
LPRRNRWSKIWKKVVTVFS,6.6642580927209885
LQLLKQLLKLLKQFSATFIKHFIHRF,9.962860014562583
LQLLKQLLKLLKQFSGGFIKHFIHRF,10.146329411555062
LRAAHRLAIGRR,14.101280621455901
LRCIALRKK,58.15935280999186
LRFIKKILKKLI,0.625
LRFLKKALKKLF,0.625
LRFLKKILKHLF,1.4999999999999998
LRFLKKILKKLF,1.4999999999999998
LRFLRRILRRLL,0.625
LRIIKKILKKLI,2.9999999999999996
LRIIRRILRRLI,24.999999999999996
LRILRRLLRRLF,6.250000000000001
LRIVKLILKWLR,4.0
LRKAKKIAKKLF,24.999999999999996
LRKLKKILKKLF,6.250000000000001
LRKLLLLLRL,25.586445324724764
LRPAILVRTK,438.934972298231
LRRIIRKIIHIIK,5.980290755756253
LRRLRKWLRRLLKLL,6.250000000000001
LRRLWLRANRL,127.99999999999997
LRRLWLRANRLLRRLWLRANRL,4.0
LRWTPTPSYPRYPTRSRGSRWSR,32.000000000000014
LSPAAMASLA,200.0000000000001
LSPAVMASLA,200.0000000000001
LVKKLLKLAMGFG,90.0
LVKLVAGIKKFLKWK,51.09839251007959
LVKRFKKFFRKLKKS,8.190572507708609
LVKRFKKFFRKLKKSV,7.79500538927185
LVKRFKKFFRKLKKSVK,83.00712312303278
LVKRFKKFFRKLKKSVKK,9.799911300448784
LWGTRSGIQP,100.00000000000004
LYRRRFVVGR,24.999999999999996
MDSFQKIEKIGEGTYGVVYKAKDKVSGRLVALKKIRLENESEGVPSTA,5.946035575015507
MPKWKVFKKIEKVGRNIRNGIVKAGPAIAVLGEAKALG,31.303866954456804
MPLSWFFPRTWGKR,69.09349173025525
MWSKILGHLIR,44.99999999999997
NDAACAAHCLFRGRSGG,58.62090796751931
NFLDTLINLAKKFI,49.99999999999999
NFLGTLVNLAKKIL,17.888543819998315
NGKRVCVCR,96.68742126622426
NGVQPKYKWWKWWKKWW,18.892421908687425
NGVQPKYKWWKWWKKWWW,34.71892890501915
NGVQPKYRWWRWWRRWWWW,31.17172706542752
NGVQPWYKWWKWWKKWW,36.50401746769384
NILNTIINLAKKIL,4.8
NLLGSLLKTGLKVGSNLL,23.39214190570294
NLLKSALKTVNKLLAAS,127.99999999999997
NLVSDIIGSKKHMEKLISIIKKCR,46.500000000000014
NLWAGILKHIIK,36.69999999999999
NRFTARFRRTPWRLCLQFRQ,24.122898933194953
NVWKKILGKIIKVAK,19.699999999999996
PFKLSLHL,12.83576307885629
PPIVGSIPLGCG,127.99999999999997
PRCRRRFCRP,127.99999999999997
PRPRCRRRFCRPRP,127.99999999999997
QCRRLCYKQRCVTYCRGR,0.4
QHSSGKSDVRRW,100.00000000000004
QLKVDLWGTR,100.00000000000004
QLKVDLWGTRSGI,100.00000000000004
QLKVDLWGTRSGIQPEQHSSGKSDVRRWRSRY,100.00000000000004
QQRFEWEFEQQ,329.34150417597897
RAVAVIIRLRRV,16.1769084197784
RAWVAWRNR,205.8660967853927
RERSKGSKYLYVG,40.18830163913173
RFGRFLRKIRRFRPKVTITIQGSARF,2.4159017912057834
RFRLPFRRPPIRIHPPPFYPPFRRFL,8.944271909999161
RFRPPIRRPPIRPPFNPPFRPPVRPPFRPPFRPPFRPPIGPFP,19.37177113740153
RFRPPIRRPPIRPPFRPPFRPPVR,10.646720036677946
RFRPPIRRPPIRPPFRPPFRPPVRPPIRPPFRPPFRPPIGPFP,5.80246382284691
RFRPPIRRPPIRPPFYPPFRPPIRPPIFPPIRPPFRPPLGPFP,38.848503172028835
RFRRLFRIRVRVLKKI,2.0
RFRRLRCKTRCRLKKI,127.99999999999997
RFRRLRDKTRDRLKKI,127.99999999999997
RFRRLRIKTRIRLKKI,63.99999999999998
RFRRLRKKFRKRLKKI,127.99999999999997
RFRRLRKKIRKRLKKI,255.99999999999994
RFRRLRKKKRKRLKKI,127.99999999999997
RFRRLRKKTRKRLKKI,127.99999999999997
RFRRLRKKWRKRLKKI,127.99999999999997
RFRRLRKWTRWRLKKI,8.000000000000002
RFRRLRPKTRPRLKKI,127.99999999999997
RFRRLRWKTRWRLKKI,4.0
RFRRLRWRTRWRLRRI,4.0
RFRRLRWWTRKRLKKI,8.000000000000002
RGARIVVIRVAR,22.699424327954265
RGGLCYCRGRFCVCVGR,2.099405264731067
RGGRLYRRRFVVGR,2.0
RGKRWWRRKK,24.999999999999996
RGLRRLGRKIAHGVKKYGATVLRIIRIA,1.0
RGLRRLGRKIAHGVKKYGPTVLRIIRIA,0.3775955720874994
RICRIVVIRCIR,21.334239327363438
RIGSILGALAKGLPTLKSWIKNR,100.00000000000004
RIGSILGRLAKGLPTLISWIKNR,12.500000000000002
RIGSILGRLAKGLPTLKSWIKNR,100.00000000000004
RIGSILGRLAKGLPTLRSWIKNR,100.00000000000004
RIIRKIIHII,15.69065681795519
RIIRKIIHIIK,14.257035240967413
RILRGVSRRIMRRILTGRR,13.525509978297055
RIVQRIKKWLLKWKKLGY,17.10584979784851
RIWFQNRRMRWRR,32.000000000000014
RIWVIRWR,8.08082768739732
RIWVIWRR,4.040413843698661
RKGWFKAMKSIAKFIAKEKLKEHL,3.1
RKKKAKIIKKII,62.50000000000002
RKKKIKIIKKII,62.50000000000002
RKKKIKIIKRLI,62.50000000000002
RKKKLKIIKRLI,62.50000000000002
RKKKLKVVKRLV,62.50000000000002
RKKKVKLLKRLV,62.50000000000002
RKKRLKLLKRLL,6.250000000000001
RKKRLKLLKRLV,24.999999999999996
RKKRLKVVKRLV,62.50000000000002
RKKRLRVVRRLV,62.50000000000002
RKKRVKLLKRLV,62.50000000000002
RKKRWWRRKK,6.0
RKKTRKR,255.99999999999994
RKKTRKRLKKIGKVLKWI,5.6568542494923815
RKWVWWRNR,11.538949724796051
RKWWRWIKW,2.5
RLARIVKIRVAR,86.15811323381726
RLARIVPIRVAR,176.0856153618218
RLARIVVIRVRR,5.308956375310035
RLARRVVIRVAR,43.009055522506095
RLGTALPALLKTLLAGLNG,17.00000000000001
RLKKIGKVLKWI,90.50966799187806
RLKLLLLLRL,6.396611331181193
RLKLLLLLRW,3.021799640330297
RLKLLLLRL,14.06587718414501
RLKLLLRL,124.95765595057146
RLKLLRL,140.4757342436161
RLLLRIGRR,42.50963465134019
RLPWRWPRRPWRR,92.15459537581349
RLRRIVVIRVAR,5.308956375310036
RLRRIVVIRVRR,5.025140463668456
RLSRIVVIRVSR,2.751450788411026
RLWLAIGRG,20.158736798317964
RLWLAIGRR,6.727171322029718
RLWLAIKRR,14.495593273553917
RLWLAWKRR,4.000000000000001
RLWRIVVIRVAR,1.3013109341284863
RLWRRWRRWLR,4.000000000000001
RLWRRWRRWRR,4.000000000000001
RLYLRIGRR,57.61713266267933
RLYRRLYR,17.500000000000004
RLYRRLYRRLYRRLYR,1.0999999999999999
RLYRRRFVVGR,8.000000000000002
RPKPQQFFGLM,370.75084312449235
RPRPNYRPRPIYRP,4.221669785302232
RPRRRATTRRRITTGTRRRR,70.71067811865478
RQIKIWFQNRRLKWKK,63.99999999999998
RQIRIWFQNRRMRWRR,15.999999999999998
RRCPIVVIRVCR,2.7213340959418577
RRIIRKIIHII,13.977904846251432
RRIIRKIIHIIK,12.828720734721365
RRIIRKIIHIIKK,11.854140491242696
RRIPRPILLPWRPPRPIPRPQPQPIPRWL,14.10880579984233
RRLFRRILRWL,0.48989794855663565
RRLFRRILRYL,4.242640687119285
RRLLRRLRR,100.00000000000004
RRLRKKTRKRLKKIGKVLKWI,4.0
RRLRRLLRRLLRRLRR,8.999999999999998
RRLTLRQLLGLGSRRRRRSR,3.129999999999999
RRPRPRPRPFFF,40.000000000000014
RRPRPRPRPFFFF,20.000000000000007
RRPRPRPRPFFFFF,10.000000000000002
RRPRPRPRPWWW,40.000000000000014
RRPRPRPRPWWWW,8.280526860942318
RRPWRWPRWPWRR,22.193465364444517
RRPWRWPWWPWRR,15.460049771960563
RRRIKIRWY,23.020450997368464
RRRWWW,24.999999999999996
RRRYIGRYVRFWK,8.4
RRWCFRVCYKGFCRYKCR,0.5817543647708431
RRWCFRVCYKGFCYRKCR,3.6504796669911586
RRWCFRVCYKGRCRYKCR,0.4098431034532929
RRWCFRVCYRGFCYRKCR,0.8133521185138625
RRWCFRVCYRGRFCYRKCR,0.3823879307968089
RRWHRHWRR,127.99999999999997
RRWHRWWRR,25.6
RRWPLKPKKWPLI,7.275301724223228
RRWPLKPWKKPLI,3.6376508621116135
RRWPLLPWKWPLI,3.548787912907861
RRWPWWPWKWPLI,0.8179233000814305
RRWRIVVIRVRR,4.0
RRWRRWRRWRR,6.3496042078728
RRWVIWRR,13.03497895869255
RRWWHWWRR,11.299999999999995
RRWWRHWRR,47.999999999999986
RRWWRRWRR,100.00000000000004
RRWWRWWR,1.8016749379160828
RRWWRWWRR,5.599999999999999
RRWYRWAWRMR,2.9018805695068304
RSTEDIIKSISGGGFLNAMNA,29.338612327644817
RTKKWIVWI,27.653169073509037
RVCFAIPLPICH,29.224555640631483
RVCSWIPLPICH,249.9999999999997
RVCYAIPLPIC,40.0778439979541
RVCYAIPLPICY,21.265355270012247
RVKRFWPLVPVAINTVAAGINLYKAIRRK,2.1363209847736733
RVKRVWPLVIRTVIAGYNLYRAIKKK,0.9429816033991346
RWCFRVCYRGICYRKCR,3.9114444326291093
RWFKIQLQIRRWKNKK,15.999999999999998
RWFKIQMQIRRWKNKK,63.99999999999998
RWFRIQLQIRRWRNRR,15.999999999999998
RWGKWFKKATHVGKHVGKAALTAYL,22.421851439538912
RWKIFKKIEKMGRNIRDGIVKAGPAIEVLGSAKAIGK,0.24510392651588192
RWKIFKKIEKVGRNVRDGIIKAGPAVAVVGQAATVVK,53.817370576237735
RWKIFKKIPKFLHSAKKF,5.6568542494923815
RWKLLLLLRL,1.510899820165149
RWKRWWRRKK,6.0
RWRRLLKKLHHLLH,8.393078060661807
RWRRLLKKLHHLLHSATFIKHFIHRF,9.433781208975025
RWRWR,58.20774624030346
RWRWRWF,26.8371744178996
RWRWRWFGGGFIKHFIHRF,12.355198044172148
RWRWRWFSATFIKHFIHRF,23.337369266857863
RWRWRWFSGGFIKHFIHRF,12.213605269254654
RWRWRWRW,7.358456646104171
RWRWRWRWRW,3.5999999999999996
RWRYRW,9.783152511325467
RWWLRRIW,12.500000000000002
RWWRWWRRWW,51.704031351961
RWWRWWRRWWW,46.757126120000144
RWWRYWR,2.068893662424248
SGIQPEQHSS,100.00000000000004
SGKLCCRRKK,100.00000000000004
SGKLWWRRKK,49.99999999999999
SGKLYYRRKK,100.00000000000004
SGKRWWRRKK,49.99999999999999
SGTSEKERESGRLLGVVKRLIVCFRSPFP,23.599999999999984
SIGAKILGGVKTFFKGALKELAFTYLQ,12.924603823842268
SILGKLWKGVKSIF,4.555623802087885
SILPTIVSFLSKFL,23.999999999999993
SILPTIVSFLTKFL,24.999999999999996
SKWMSLLKHILK,9.2
SLLSLIRKLIT,4.0
SLSRFLRFLKIVYRRAF,12.500000000000002
SLSRFLSFLKIVYPPAF,25.18422893068519
SPRRRTPSPRRRRSQSPRRR,100.00000000000004
SVIGCWTFSIPPRPCFVK,490.8097831347157
SVIGCWTKSIPPRPCFVK,59.999999999999986
SWKSMAKKLKEYMEKLKQRA,48.53845859247807
SYVGDCGSNGGSCVSSYCPYGNRLNYFCPLGRTCCRRSY,0.7
TKPTLLGLPLGAGPAAGPGKR,8.000000000000002
TPFKISIHL,14.214373024379823
TPFKLSLHL,20.102159111711607
TRKRLKKIGKVLKWI,32.000000000000014
VFQFLGKIIHHVGNFVHGFSHVF,0.07498855674624054
VGVGGGFGR,155.30008760167328
VIGSILGALASGLPTLISWIKNR,6.0
VIPIVSGLLSSLL,3.6726022380725083
VIRRRRILAAVV,175.83596108454768
VKKFPWWWPFLKK,5.585965552020756
VKRFKKFFRKFKKSV,50.672551438973805
VKRFKKFFRKLKKS,12.295452422670554
VKRFKKFFRKLKKSVK,7.738399160267613
VKRFKKFFRKLKKSVKK,7.286693213911719
VKRFKKFFRKLKKSVKKL,9.799911300448784
VKRWKKFWRKWKKWW,2.059931443373319
VKRWKKWRWKWKKWV,0.5249621758022052
VKRWKKWWRKLKKSV,48.62519316965801
VKWRWKKWRWKWKWKV,41.408863708066875
VKWRWKWKWRWKWKWKV,38.444507544696165
VLPKVMAHMK,100.00000000000004
VLPLISMALGKLL,59.999999999999986
VNWKKILAKIIKVAK,4.3
VNWKKILAKIIKVVK,2.2
VNWKKILG,100.00000000000004
VNWKKILGKI,100.00000000000004
VNWKKILGKIIKVAK,8.999999999999998
VNWKKILKKIIKVAK,15.599999999999998
VNWKKILKKIIKVVK,9.600000000000001
VNWKKILPKIIKVAK,79.99999999999997
VNWKKILPKIIKVVK,32.5
VNWKKVLAKIIKVAK,7.200000000000002
VNWKKVLKKIIKVAK,15.599999999999998
VNWKKVLPKIIKVAK,100.00000000000004
VQLRIRVAVIRA,45.92016549627645
VQLRIRVRVIRK,7.812879453650549
VQRWLIVWRIRK,3.0247512368963987
VRFRIRVAVIRA,8.242913721628153
VRLIVAVRIWRR,3.253277335321215
VRLRIRVAVIRA,17.58359610845478
VRLRIRVAVIRK,4.057140496273482
VRLRIRVAVRRA,8.192201051905927
VRLWIRVAVIRA,34.439912993758995
VRRFAWWWAFLRR,2.702440054744949
VRRFAWWWPFLRR,2.1319494423113396
VRRFPFFFPFLRR,3.3610694385182254
VRRFPWWWAFLRR,2.6649368028891747
VRRFPWWWPFLRR,1.3142301050795306
VRRFPYYYPFLRR,10.910215851528985
VRRVRKWVRRVLKLV,7.9843597113356575
VRRYPWWWPYLRR,2.5849769823309585
VRVKVRVK,508.51492994749157
VRVKVRVKVRVK,42.63664173889825
VRWRIRVAVIRA,8.027657957549742
VTCDILSVEAKGVKL,63.496885223792276
VWLSALKFIGKHLAKHQLSKL,3.1
WALRLYLVY,100.00000000000004
WCPPMIPLCSRF,200.0000000000001
WFKKIPKFLHLAKKF,3.125
WFKKIPKFLHLLKKF,3.125
WFKKLLKKALRLWKKVL,5.145342151095295
WFWKWWRRRRR,1.7
WGEAFSAGVHRLANGGNG,71.14999999999996
WGRAFRRGVRRLARGGRR,18.47044259145884
WGRAFRRLVRRLARGLRR,8.777447970849389
WGRAFSAGVHRLANGGNG,70.09
WGRAFSRGVRRLARGGRG,40.03189105143046
WKKIPKFLHLAKKF,3.125
WKKIPKFLHLLKKF,3.125
WKKIWSKIKKLLK,3.129999999999999
WKKWWKKW,62.50000000000002
WKKWWKKWWK,15.599999999999998
WKLFKKIPKFLHLAKKF,3.125
WKRLVAASAKKK,7.216570805348374
WKSDVRRWRSRY,100.00000000000004
WKSYVRRW,100.00000000000004
WKSYVRRWR,63.99999999999998
WKSYVRRWRS,100.00000000000004
WKSYVRRWRSRY,32.000000000000014
WKWLKKWIK,12.500000000000002
WLKKW,105.2718428217697
WLLKRWKKLL,32.000000000000014
WLLKW,107.3937077489662
WLRAFRRLVRRLARGLRR,2.7197058505438303
WLRAFRRLVRRLARLLRR,2.3475945135393372
WLRRIGKGVKIIGGAALDHL,29.444165466088492
WRCRRRFCRW,8.000000000000002
WRNGRWWRNGRWWRNGRW,2.0
WRPGRW,127.99999999999997
WRPGRWWRPGRW,4.0
WRPGRWWRPGRWWRPGRW,2.0
WRPGRWWRPGRWWRPGRWWRPGRW,2.82842712474619
WRRRYRRWRRRRRWRRRPRR,1.56
WRWKWRWK,46.937042556276964
WRWRCRRRFCRWRW,4.0
WRWRW,11.2483864189682
WRWRWR,16.849612213922835
WWHSWWSTW,91.813025198048
WWKDWWERW,338.3810308466798
WWRLRRIW,12.500000000000002
WWRWRW,4.65018387292052
WWSYVRRWRSR,8.000000000000002
WWSYWWTQW,87.50141052273759
WWWLRKIW,3.1
WWWLRRIR,12.500000000000002
WWWLRRRW,3.1
WWWRRRIW,12.500000000000002
WWYNWWQDW,340.2385426031732
YCNGKRVCVC,87.38271382921444
YCNGKRVCVCR,42.1138188460048
YKLLKKLLKKLKKLLKKL,13.392857142857142
YKLLKLLLPKLKGLLFKL,0.9337902119829841
YKLLKLLLPKLKGLLIKL,1.8977200080178667
YKLLKLLLPKLKGLLPKL,5.258754379885053
YKLLKLLLPKLKPLLFKL,1.3749657060636808
YKLLKLLLPKLKPLLIKL,1.8623218945177153
YKLLKLLLPKLKPLLPKL,21.10878341168601
YKLLKWLLLKLKALLEKL,26.943644941676446
YPSKPDNPGEDAPAEDMARYYSALRHYINLITRQRY,117.02287532740952
YRGGYTGPIPRPPPIGRPPFRPVCNACYRLSVSDARNCCIKFGSCCHLVK,20.000000000000007
YRLRVKWKW,9.740652139657872
YRWARWWRR,3.482769936089082
YSLQMGATAIKQVKKLFKKKGG,6.599999999999999
YSWPRMPRIPRLPRYPRYPRYPRWPRHPTIYA,15.999999999999998
YSWPRMPRIPRLPRYPRYPRYPRWPRWPRQPTIYA,9.51365692002818
YWRWRW,9.503990535546064
